,City,Lat,Lng,Max Temp,Humidity,Cloudiness,Wind Speed,Country,Date
0,sao joao da barra,-21.6403,-41.0511,75.34,84,15,6.64,BR,1649736243
1,thompson,55.7435,-97.8558,24.85,97,95,5.03,CA,1649736243
2,fairbanks,64.8378,-147.7164,39.54,54,28,2.59,US,1649736000
3,lujiang,31.2581,117.2817,84.0,43,74,12.73,CN,1649736244
4,ushuaia,-54.8,-68.3,35.24,89,46,6.85,AR,1649736171
5,arauca,7.0847,-70.7591,77.25,80,94,6.42,CO,1649736060
6,lompoc,34.6391,-120.4579,50.13,69,0,32.01,US,1649736133
7,rikitea,-23.1203,-134.9692,79.14,71,1,15.84,PF,1649736245
8,narsaq,60.9167,-46.05,37.62,50,47,12.97,GL,1649736245
9,vardo,70.3705,31.1107,34.3,81,96,14.5,NO,1649736246
10,irbeyskoye,55.6428,95.4522,30.7,76,100,6.64,RU,1649736246
11,avarua,-21.2078,-159.775,80.65,83,82,3.44,CK,1649736247
12,hilo,19.7297,-155.09,81.28,93,100,5.99,US,1649736247
13,upernavik,72.7868,-56.1549,13.48,95,100,8.95,GL,1649736248
14,port keats,-14.25,129.55,92.1,47,24,5.32,AU,1649736248
15,pingzhuang,42.0372,119.2889,51.51,17,17,13.98,CN,1649736249
16,kavaratti,10.5669,72.642,84.65,66,99,4.43,IN,1649736249
17,college,64.8569,-147.8028,39.52,54,31,2.62,US,1649736016
18,saint-philippe,-21.3585,55.7679,75.22,82,78,16.02,RE,1649736250
19,hobart,-42.8794,147.3294,64.26,57,75,14.97,AU,1649736250
20,ustyuzhna,58.8394,36.4321,33.93,97,100,4.83,RU,1649736251
21,tukrah,32.5341,20.5791,52.52,74,61,8.61,LY,1649736251
22,jamestown,42.097,-79.2353,53.24,73,100,8.05,US,1649736252
23,muros,42.7762,-9.0603,53.83,90,97,10.49,ES,1649736252
24,east london,-33.0153,27.9116,64.29,95,100,7.47,ZA,1649736083
25,mezen,65.8522,44.24,33.87,94,100,6.58,RU,1649736253
26,lixourion,38.2019,20.4314,51.35,65,2,3.04,GR,1649736254
27,butaritari,3.0707,172.7902,81.46,73,64,8.7,KI,1649736254
28,bonnyville,54.2668,-110.735,22.32,77,100,14.65,CA,1649735995
29,rocha,-34.4833,-54.3333,62.85,96,30,8.66,UY,1649736255
30,batemans bay,-35.7167,150.1833,66.09,61,90,4.94,AU,1649736255
31,mataura,-46.1927,168.8643,55.47,54,50,6.87,NZ,1649736256
32,torbay,47.6666,-52.7314,35.58,90,100,18.01,CA,1649736007
33,krasnoselkup,65.7,82.4667,33.62,100,100,8.3,RU,1649736256
34,albany,42.6001,-73.9662,53.73,61,96,4.56,US,1649736002
35,arraial do cabo,-22.9661,-42.0278,75.92,84,47,15.1,BR,1649736257
36,palana,59.1167,159.9667,17.73,85,100,14.14,RU,1649736257
37,tame,6.461,-71.73,75.63,80,87,4.38,CO,1649736258
38,port arthur,38.8,121.2667,50.92,44,100,24.09,CN,1649736258
39,lebu,-37.6167,-73.65,51.46,82,72,2.93,CL,1649736259
40,brody,50.0879,25.1503,31.24,92,13,6.11,UA,1649736260
41,bredasdorp,-34.5322,20.0403,63.68,70,1,2.86,ZA,1649736260
42,kapaa,22.0752,-159.319,80.58,84,75,12.66,US,1649736261
43,havoysund,70.9963,24.6622,32.23,84,100,20.18,NO,1649736261
44,chenzhou,25.8,113.0333,87.91,40,0,8.03,CN,1649736050
45,camana,-16.6228,-72.7111,66.72,82,92,7.07,PE,1649736262
46,saskylakh,71.9167,114.0833,1.72,88,97,2.26,RU,1649736262
47,tasiilaq,65.6145,-37.6368,15.96,83,100,4.29,GL,1649736263
48,lata,40.1629,-8.3327,51.93,96,100,4.79,PT,1649736263
49,cape town,-33.9258,18.4232,67.12,63,40,2.33,ZA,1649736264
50,ponta do sol,32.6667,-17.1,60.71,76,67,10.51,PT,1649736264
51,mahebourg,-20.4081,57.7,79.25,78,75,11.5,MU,1649736265
52,saint-pierre,-21.3393,55.4781,78.91,86,75,19.57,RE,1649736265
53,gao,16.6362,1.637,79.79,9,46,5.97,ML,1649736266
54,madurai,9.9333,78.1167,86.02,79,40,3.44,IN,1649736174
55,gizo,-8.103,156.8419,84.0,69,90,2.91,SB,1649736266
56,lagoa,39.05,-27.9833,59.45,93,100,17.45,PT,1649736267
57,zhengjiatun,43.5064,123.5064,53.96,28,49,8.41,CN,1649736268
58,hermanus,-34.4187,19.2345,65.97,62,87,4.99,ZA,1649736268
59,bethel,41.3712,-73.414,50.65,70,100,1.01,US,1649736120
60,saint-francois,46.4154,3.9054,51.24,50,0,6.91,FR,1649736269
61,canchungo,12.0672,-16.0333,67.08,82,23,5.3,GW,1649736269
62,atuona,-9.8,-139.0333,79.21,78,46,14.56,PF,1649736270
63,georgetown,5.4112,100.3354,85.95,74,40,4.61,MY,1649736134
64,ancud,-41.8697,-73.8203,46.22,80,36,5.84,CL,1649736271
65,shizunai,42.3339,142.3669,52.66,73,35,4.97,JP,1649736272
66,zhangjiakou,40.81,114.8794,53.04,18,40,8.21,CN,1649736272
67,zaraza,9.3503,-65.3245,78.73,77,49,7.27,VE,1649736272
68,richards bay,-28.783,32.0377,63.91,87,0,5.66,ZA,1649736258
69,luganville,-15.5333,167.1667,83.84,72,29,3.85,VU,1649736273
70,faanui,-16.4833,-151.75,81.43,74,19,11.45,PF,1649736274
71,kloulklubed,7.0419,134.2556,84.7,84,64,23.09,PW,1649736274
72,port alfred,-33.5906,26.891,65.17,92,100,1.01,ZA,1649736274
73,guerrero negro,27.9769,-114.0611,60.21,80,0,13.44,MX,1649736275
74,bluff,-46.6,168.3333,55.8,65,81,23.24,NZ,1649736275
75,port elizabeth,-33.918,25.5701,64.31,92,94,1.01,ZA,1649736202
76,yantal,56.8471,105.2542,32.41,81,100,6.15,RU,1649736276
77,alofi,-19.0595,-169.9187,81.66,68,76,2.55,NU,1649736276
78,norman wells,65.282,-126.8329,2.28,96,64,2.93,CA,1649736277
79,san jose,37.3394,-121.895,50.2,61,20,13.8,US,1649736080
80,chester,40.1254,-75.8749,49.53,80,0,1.01,US,1649736278
81,cidreira,-30.1811,-50.2056,68.5,92,87,5.84,BR,1649736278
82,north bend,43.4065,-124.2243,47.86,88,100,20.71,US,1649736278
83,punta arenas,-53.15,-70.9167,44.71,70,0,25.32,CL,1649736221
84,shimoda,34.6667,138.95,77.11,64,0,9.66,JP,1649736279
85,viedma,-40.8135,-62.9967,53.71,67,52,8.77,AR,1649736280
86,kaitangata,-46.2817,169.8464,56.43,53,57,11.3,NZ,1649736280
87,bocas del toro,9.3333,-82.25,79.63,75,58,5.68,PA,1649736280
88,mitsamiouli,-11.3847,43.2844,82.22,76,56,9.86,KM,1649736281
89,chapais,49.7834,-74.8492,35.42,92,100,10.07,CA,1649736282
90,hamilton,39.1834,-84.5333,58.24,95,100,13.8,US,1649736282
91,barrow,71.2906,-156.7887,24.82,80,100,6.91,US,1649736282
92,faya,18.3851,42.4509,63.12,44,0,2.8,SA,1649736283
93,castro,-24.7911,-50.0119,61.47,98,70,2.82,BR,1649736283
94,kieta,-6.2167,155.6333,84.31,70,94,4.72,PG,1649736284
95,kodiak,57.79,-152.4072,45.91,42,0,8.05,US,1649736284
96,tuatapere,-46.1333,167.6833,56.41,52,51,8.37,NZ,1649736285
97,mount isa,-20.7333,139.5,96.57,21,87,11.5,AU,1649736285
98,newton,42.337,-71.2092,53.65,48,100,12.66,US,1649736286
99,korla,41.7597,86.1469,65.21,19,100,5.53,CN,1649736286
100,san cristobal,7.7669,-72.225,67.42,92,95,1.81,VE,1649736287
101,rendeux,50.2342,5.5041,49.75,72,100,8.01,BE,1649736287
102,cabo san lucas,22.8909,-109.9124,71.62,70,0,5.01,MX,1649736199
103,makakilo city,21.3469,-158.0858,78.57,67,33,11.79,US,1649736124
104,derzhavinsk,51.1,66.3167,39.99,87,100,15.28,KZ,1649736288
105,sokolo,14.7328,-6.1219,89.31,10,86,7.78,ML,1649736289
106,tahoua,14.8888,5.2692,89.26,20,76,6.11,NE,1649736289
107,davila,18.4726,120.5763,83.37,72,74,11.18,PH,1649736290
108,qiyang,26.5911,111.8474,89.74,34,15,9.98,CN,1649736290
109,dikson,73.5069,80.5464,14.83,91,100,22.57,RU,1649736290
110,arlit,18.7369,7.3853,83.26,8,4,7.47,NE,1649736291
111,jalalpur jattan,32.6374,74.2183,84.07,42,40,4.61,PK,1649736291
112,ariquemes,-9.9133,-63.0408,72.19,98,67,1.54,BR,1649736080
113,port hardy,50.6996,-127.4199,40.03,73,2,11.63,CA,1649736292
114,cascais,38.6979,-9.4215,57.47,89,20,15.01,PT,1649736106
115,nouakchott,18.0858,-15.9785,66.13,83,100,14.9,MR,1649736293
116,busselton,-33.65,115.3333,74.28,43,0,6.6,AU,1649736247
117,pimentel,-6.8367,-79.9342,68.05,88,91,12.37,PE,1649736294
118,oytal,42.9057,73.2697,68.7,51,100,7.23,KZ,1649736294
119,puerto ayora,-0.7393,-90.3518,77.56,95,81,8.03,EC,1649736294
120,do gonbadan,30.3586,50.7981,78.42,12,10,5.17,IR,1649736295
121,lyubashivka,47.8372,30.2598,37.83,66,100,19.28,UA,1649736296
122,quatre cocos,-20.2078,57.7625,79.09,75,88,17.45,MU,1649736296
123,longyearbyen,78.2186,15.6401,4.84,78,0,3.44,SJ,1649736296
124,souillac,-20.5167,57.5167,79.18,78,75,11.5,MU,1649736297
125,nikolskoye,59.7035,30.7861,34.88,91,100,3.47,RU,1649736297
126,tekeli,44.83,78.8239,62.87,40,100,3.06,KZ,1649736298
127,coquimbo,-29.9533,-71.3436,58.84,80,2,4.81,CL,1649736163
128,flinders,-34.5833,150.8552,71.19,66,92,5.01,AU,1649736298
129,aykhal,66.0,111.5,23.9,77,58,3.83,RU,1649736299
130,teguise,29.0605,-13.564,61.02,72,20,6.91,ES,1649736300
131,jiuquan,39.7432,98.5174,48.81,12,59,10.6,CN,1649736300
132,batagay,67.6333,134.6333,18.43,77,89,1.72,RU,1649736301
133,dakar,14.6937,-17.4441,65.28,89,41,18.01,SN,1649736301
134,mar del plata,-38.0023,-57.5575,55.09,84,21,7.0,AR,1649736301
135,new norfolk,-42.7826,147.0587,63.91,51,82,4.0,AU,1649736302
136,semey,50.4111,80.2275,44.82,45,0,2.24,KZ,1649736302
137,saint-georges,12.0564,-61.7485,77.88,83,45,14.83,GD,1649736303
138,beringovskiy,63.05,179.3167,29.61,84,100,11.48,RU,1649736303
139,zhezkazgan,47.8043,67.7144,46.38,53,40,13.42,KZ,1649736304
140,kangaatsiaq,68.3065,-53.4641,16.83,84,100,5.7,GL,1649736304
141,egvekinot,66.3167,-179.1667,5.32,84,100,11.41,RU,1649736305
142,chokurdakh,70.6333,147.9167,11.57,87,100,10.22,RU,1649736305
143,oranjemund,-28.55,16.4333,66.33,53,0,3.47,NA,1649736306
144,vaini,-21.2,-175.2,81.16,77,96,12.33,TO,1649736306
145,gorontalo,0.5412,123.0595,89.76,56,78,5.41,ID,1649736307
146,esperance,-33.8667,121.9,67.84,80,73,15.19,AU,1649736307
147,aden,12.7794,45.0367,80.38,74,8,4.65,YE,1649736052
148,lensk,60.7253,114.9278,32.36,72,96,3.04,RU,1649736308
149,san patricio,28.017,-97.5169,75.88,91,100,15.03,US,1649736308
150,hithadhoo,-0.6,73.0833,83.52,68,14,11.1,MV,1649736309
151,omboue,-1.5746,9.2618,77.92,90,98,4.7,GA,1649736310
152,chuy,-33.6971,-53.4616,65.84,93,33,5.55,UY,1649736276
153,caravelas,-17.7125,-39.2481,75.0,86,1,0.65,BR,1649736310
154,comodoro rivadavia,-45.8667,-67.5,48.06,71,40,18.41,AR,1649736311
155,mtambile,-5.3833,39.7,80.11,81,96,10.78,TZ,1649736311
156,eskil,38.4017,33.4131,37.0,74,98,18.57,TR,1649736312
157,ribeira grande,38.5167,-28.7,60.4,91,100,10.18,PT,1649736312
158,sorland,67.667,12.6934,39.65,76,66,3.15,NO,1649736313
159,sola,-13.8833,167.55,82.42,68,12,5.08,VU,1649736313
160,banes,20.9625,-75.7186,74.71,76,100,15.5,CU,1649736314
161,ketchikan,55.3422,-131.6461,35.58,69,20,11.5,US,1649736314
162,hofn,64.2539,-15.2082,35.11,93,100,15.5,IS,1649736315
163,svetlogorsk,52.6333,29.7333,35.74,77,86,11.63,BY,1649736315
164,haukipudas,65.1765,25.3523,26.65,93,57,4.59,FI,1649736316
165,san carlos del zulia,9.0,-71.9135,76.14,91,21,4.45,VE,1649736317
166,carnarvon,-24.8667,113.6333,75.27,38,0,17.27,AU,1649736317
167,chernaya kholunitsa,58.8511,51.7154,38.48,97,100,4.92,RU,1649736317
168,arman,59.7,150.1667,26.02,58,1,3.49,RU,1649736318
169,seoul,37.5683,126.9778,78.19,68,100,9.06,KR,1649736192
170,iquique,-20.2208,-70.1431,62.64,76,30,4.34,CL,1649736319
171,methoni,36.8197,21.7049,52.21,70,13,6.98,GR,1649736319
172,talakan,50.3167,130.3667,36.45,62,67,9.48,RU,1649736320
173,udachnyy,66.4167,112.4,26.46,38,98,0.11,RU,1649736320
174,nome,64.5011,-165.4064,33.17,70,100,6.4,US,1649736083
175,hasaki,35.7333,140.8333,77.4,74,0,17.29,JP,1649736321
176,verkhnyaya inta,65.9811,60.3094,37.11,100,100,6.49,RU,1649736321
177,murgab,37.4966,61.9714,71.17,35,3,7.7,TM,1649736322
178,nuevo progreso,23.1667,-97.95,74.53,73,24,3.53,MX,1649736322
179,coihaique,-45.5752,-72.0662,36.19,97,26,4.52,CL,1649736075
180,toyooka,35.5333,134.8333,76.8,50,19,5.68,JP,1649736248
181,khatanga,71.9667,102.5,-1.23,91,94,0.92,RU,1649736323
182,severo-kurilsk,50.6789,156.125,31.71,78,32,6.73,RU,1649736324
183,shenzhen,22.5455,114.0683,83.86,83,3,7.07,CN,1649736324
184,bambous virieux,-20.3428,57.7575,79.21,78,75,11.5,MU,1649736325
185,saldanha,-33.0117,17.9442,65.8,55,1,5.86,ZA,1649736325
186,pacific grove,36.6177,-121.9166,48.65,73,2,15.01,US,1649736326
187,nioro,13.35,-15.75,74.32,43,37,3.0,GM,1649736326
188,gogrial,8.5332,28.1004,79.57,61,100,4.99,SS,1649736327
189,tuktoyaktuk,69.4541,-133.0374,-6.93,97,6,6.89,CA,1649736327
190,yulara,-25.2406,130.9889,97.38,18,28,10.8,AU,1649736328
191,pangkalanbuun,-2.6833,111.6167,87.82,64,34,1.99,ID,1649736075
192,yellowknife,62.456,-114.3525,-0.22,89,67,8.66,CA,1649736086
193,ilulissat,69.2167,-51.1,21.22,68,100,1.14,GL,1649736328
194,palmer,42.1584,-72.3287,50.5,52,100,5.75,US,1649736329
195,kremsmunster,48.0529,14.1292,37.09,78,25,2.17,AT,1649736330
196,zhigansk,66.7697,123.3711,9.99,82,43,11.72,RU,1649736330
197,itarema,-2.9248,-39.9167,76.73,88,100,5.57,BR,1649736331
198,horki,54.2861,30.9842,35.83,74,100,8.77,BY,1649736331
199,ahipara,-35.1667,173.1667,61.61,89,100,15.59,NZ,1649736332
200,barcelos,41.5388,-8.6151,53.74,94,100,8.72,PT,1649736332
201,maues,-3.3836,-57.7186,74.17,98,100,1.54,BR,1649736333
202,tevaitoa,-16.7833,-151.5,82.02,73,16,14.14,PF,1649736334
203,qaanaaq,77.484,-69.3632,-8.39,67,26,6.49,GL,1649736334
204,yangambi,0.8102,24.4336,67.06,97,66,1.1,CD,1649736335
205,sayyan,15.1718,44.3244,59.47,32,0,3.49,YE,1649736335
206,kurchum,48.5722,83.6542,47.21,31,12,1.05,KZ,1649736336
207,san andres,12.5847,-81.7006,80.24,79,70,15.57,CO,1649736336
208,venado tuerto,-33.7456,-61.9688,52.7,54,0,6.29,AR,1649736337
209,port blair,11.6667,92.75,86.04,70,20,4.61,IN,1649736337
210,matay,28.419,30.7792,55.76,69,0,14.38,EG,1649736338
211,nanortalik,60.1432,-45.2371,30.36,73,92,9.01,GL,1649736338
212,elat,29.5581,34.9482,62.31,68,17,11.07,IL,1649736339
213,lasa,46.6166,10.7002,35.37,63,77,1.21,IT,1649736339
214,iqaluit,63.7506,-68.5145,5.7,92,99,7.02,CA,1649736044
215,ingham,42.6,-84.3833,50.92,64,0,5.75,US,1649736340
216,husavik,66.0449,-17.3389,27.64,94,93,6.51,IS,1649736340
217,sale,34.0389,-6.8166,57.88,100,75,8.05,MA,1649736341
218,half moon bay,37.4636,-122.4286,50.11,72,20,21.85,US,1649736342
219,itaobim,-16.5667,-41.8333,69.3,96,12,1.83,BR,1649736342
220,kjollefjord,70.9457,27.3465,33.62,93,100,26.46,NO,1649736343
221,anadyr,64.75,177.4833,27.1,79,75,24.61,RU,1649736100
222,kungurtug,50.5994,97.5228,24.66,59,100,6.62,RU,1649736344
223,berlevag,70.8578,29.0864,33.8,96,99,10.4,NO,1649736344
224,nemuro,43.3236,145.575,45.23,78,47,15.84,JP,1649736345
225,cherskiy,68.75,161.3,9.61,72,7,6.53,RU,1649736345
226,victoria,22.2855,114.1577,83.97,75,1,8.01,HK,1649736313
227,ambanja,-13.6833,48.45,74.03,87,86,3.62,MG,1649736346
228,vostok,46.4856,135.8833,35.26,97,100,3.4,RU,1649736346
229,jitra,6.2681,100.4217,88.34,62,69,3.83,MY,1649736347
230,huarmey,-10.0681,-78.1522,68.18,86,34,10.27,PE,1649736347
231,buala,-8.145,159.5921,84.22,71,90,4.34,SB,1649736348
232,ust-maya,60.4167,134.5333,28.36,82,100,6.67,RU,1649736349
233,karratha,-20.7377,116.8463,91.63,21,0,4.14,AU,1649736349
234,hecun,36.5333,114.1111,63.59,41,100,10.45,CN,1649736349
235,shenjiamen,29.9576,122.298,64.85,90,79,10.58,CN,1649736350
236,sao filipe,14.8961,-24.4956,70.03,73,100,8.55,CV,1649736350
237,airai,-8.9266,125.4092,78.64,37,12,1.3,TL,1649736351
238,usinsk,65.9939,57.5281,35.31,100,100,15.55,RU,1649736351
239,chandbali,20.7833,86.7667,94.15,46,83,11.23,IN,1649736352
240,mantua,45.1667,10.7833,43.95,85,33,2.73,IT,1649736352
241,bisho,-32.8472,27.4422,58.05,95,100,4.74,ZA,1649736353
242,xichang,27.8964,102.2634,60.13,75,100,4.29,CN,1649736353
243,gladstone,-23.85,151.25,87.78,54,1,11.5,AU,1649736288
244,raahe,64.6833,24.4833,26.69,95,11,6.64,FI,1649736354
245,prachuap khiri khan,12.2167,99.75,89.69,40,68,6.8,TH,1649736355
246,atar,20.5169,-13.0499,75.92,17,97,8.75,MR,1649736355
247,qixingtai,30.4135,111.8874,75.09,41,91,19.75,CN,1649736355
248,shache,38.4167,77.2406,70.56,20,76,9.13,CN,1649736356
249,wawa,9.9022,4.4192,81.79,65,54,8.23,NG,1649736356
250,raudeberg,61.9875,5.1352,34.47,85,100,9.89,NO,1649736357
251,humaita,-7.5061,-63.0208,73.76,92,93,1.3,BR,1649736357
252,libreville,0.3925,9.4537,77.88,88,88,2.89,GA,1649736358
253,aksarka,66.5606,67.7975,34.93,100,100,10.89,RU,1649736358
254,san policarpo,12.1791,125.5072,79.03,89,100,8.59,PH,1649736359
255,kenai,60.5544,-151.2583,44.69,55,0,9.22,US,1649736359
256,aklavik,68.2191,-135.0107,9.86,92,11,8.63,CA,1649736360
257,moron,-34.6534,-58.6198,59.79,93,0,3.33,AR,1649736360
258,clyde river,70.4692,-68.5914,-12.77,84,75,4.61,CA,1649736360
259,stornoway,58.2093,-6.3865,44.92,88,100,16.11,GB,1649736361
260,naron,43.5167,-8.1528,55.69,77,88,12.86,ES,1649736362
261,kalangala,-0.3089,32.225,70.65,74,100,9.84,UG,1649736362
262,juneau,58.3019,-134.4197,32.22,41,75,5.75,US,1649736192
263,sitka,57.0531,-135.33,33.69,27,40,12.66,US,1649736363
264,maningrida,-12.0667,134.2667,88.93,64,69,12.03,AU,1649736364
265,maldonado,-34.6667,-54.9167,65.59,94,40,7.27,UY,1649736364
266,timbiras,-4.2553,-43.9406,72.73,99,100,2.13,BR,1649736365
267,beyneu,45.3167,55.2,64.09,41,27,10.51,KZ,1649736365
268,usuki,33.1081,131.7878,71.22,77,89,6.51,JP,1649736366
269,ilhabela,-23.7781,-45.3581,74.61,91,85,7.7,BR,1649736204
270,saint george,37.1041,-113.5841,70.39,23,0,37.98,US,1649736366
271,cayenne,4.9333,-52.3333,81.09,1,75,5.99,GF,1649736367
272,la maddalena,41.2142,9.4083,53.76,83,59,17.56,IT,1649736368
273,kavieng,-2.5744,150.7967,85.82,64,38,8.99,PG,1649736368
274,gumdag,39.2061,54.5906,69.57,43,4,16.44,TM,1649736368
275,eydhafushi,5.1033,73.0708,84.79,71,65,11.39,MV,1649736369
276,sao gabriel,-30.3364,-54.32,66.61,98,100,4.74,BR,1649736369
277,ca mau,9.1769,105.15,89.49,56,45,3.44,VN,1649736370
278,watsa,3.0372,29.5355,62.22,98,94,2.42,CD,1649736370
279,margate,51.3813,1.3862,49.69,85,100,1.99,GB,1649736371
280,tautira,-17.7333,-149.15,81.86,72,22,15.12,PF,1649736288
281,luba,3.4568,8.5547,81.09,80,100,1.57,GQ,1649736372
282,ulladulla,-35.35,150.4667,65.77,67,99,7.81,AU,1649736372
283,leningradskiy,69.3833,178.4167,-3.5,88,15,4.61,RU,1649736372
284,francistown,-21.17,27.5079,61.34,94,22,5.86,BW,1649736373
285,palkino,57.5409,28.0126,31.75,84,20,5.79,RU,1649736374
286,arzgir,45.3728,44.2206,51.21,79,2,9.1,RU,1649736374
287,klaksvik,62.2266,-6.589,41.92,83,100,26.62,FO,1649736375
288,sumbe,-11.2061,13.8437,75.13,86,20,5.97,AO,1649736375
289,vadso,70.0744,29.7487,32.88,86,40,14.97,NO,1649736376
290,belaya gora,68.5333,146.4167,14.77,78,72,6.46,RU,1649736376
291,mengcheng,33.2579,116.5655,75.25,61,74,15.95,CN,1649736376
292,praya,14.9215,-23.5087,68.54,73,75,12.66,CV,1649736377
293,khandbari,27.3747,87.2039,75.96,67,57,5.19,NP,1649736377
294,santa rosa,14.3122,121.1114,85.08,73,100,4.45,PH,1649736164
295,risor,58.7206,9.2342,35.29,59,96,4.61,NO,1649736378
296,kolobrzeg,54.1757,15.5834,35.96,71,10,5.77,PL,1649736379
297,huilong,31.8111,121.655,70.86,75,49,10.69,CN,1649736379
298,barkhan,29.8977,69.5256,85.21,12,0,3.91,PK,1649736380
299,tezu,27.9167,96.1667,83.23,47,0,3.94,IN,1649736380
300,chunskiy,56.0815,99.6342,30.38,68,100,6.29,RU,1649736381
301,salalah,17.0151,54.0924,80.69,83,0,2.3,OM,1649736381
302,flin flon,54.7682,-101.865,22.15,89,99,9.73,CA,1649736382
303,samarai,-10.6167,150.6667,85.37,68,86,13.76,PG,1649736382
304,luderitz,-26.6481,15.1594,66.31,56,0,4.92,NA,1649736383
305,rovaniemi,66.5,25.7167,29.61,93,20,5.75,FI,1649736383
306,santa vitoria do palmar,-33.5189,-53.3681,65.48,95,39,5.08,BR,1649736384
307,umba,66.6871,34.3429,30.52,91,96,14.83,RU,1649736384
308,nishihara,26.1842,127.7558,79.68,87,75,8.05,JP,1649736385
309,gweru,-19.45,29.8167,59.18,94,100,7.07,ZW,1649736385
310,kruisfontein,-34.0033,24.7314,60.89,81,93,5.03,ZA,1649736385
311,naze,28.3667,129.4833,71.47,80,15,7.92,JP,1649736386
312,raga,8.4596,25.678,76.24,64,83,5.19,SS,1649736387
313,pevek,69.7008,170.3133,-5.71,85,6,6.24,RU,1649736387
314,tocopilla,-22.092,-70.1979,63.5,71,18,6.4,CL,1649736387
315,talnakh,69.4865,88.3972,18.21,80,100,12.39,RU,1649736388
316,bogande,12.9714,-0.1436,88.25,37,75,13.44,BF,1649736388
317,denia,38.8408,0.1057,59.79,90,88,8.01,ES,1649736389
318,ha giang,22.8333,104.9833,84.33,62,90,4.03,VN,1649736389
319,vestmanna,62.1564,-7.1664,40.12,87,100,20.71,FO,1649736390
320,tsybuliv,49.0766,29.8461,36.54,69,99,16.96,UA,1649736390
321,viransehir,37.2353,39.7631,48.81,81,10,11.9,TR,1649736391
322,tarakan,3.3,117.6333,87.3,70,20,5.75,ID,1649736391
323,plettenberg bay,-34.0527,23.3716,67.62,61,0,4.59,ZA,1649736392
324,acapulco,16.8634,-99.8901,78.62,83,75,5.75,MX,1649736392
325,rio grande,-32.035,-52.0986,66.94,91,87,7.7,BR,1649736393
326,itaituba,-4.2761,-55.9836,73.76,99,100,0.74,BR,1649736151
327,caibarien,22.5206,-79.4669,70.92,64,7,18.99,CU,1649736394
328,quibdo,5.6947,-76.6611,75.2,98,99,1.05,CO,1649736394
329,port lincoln,-34.7333,135.8667,64.78,67,100,13.82,AU,1649736394
330,sobolevo,54.4299,31.8996,36.91,75,100,10.45,RU,1649736395
331,pinega,64.7001,43.3936,33.87,94,100,5.77,RU,1649736395
332,kondinskoye,59.6481,67.41,34.74,88,11,6.4,RU,1649736396
333,kahului,20.8947,-156.47,77.02,78,40,19.57,US,1649736396
334,sao pedro do sul,-29.6206,-54.1789,65.95,93,100,5.93,BR,1649736397
335,skjervoy,70.0311,20.9714,33.8,76,100,12.48,NO,1649736397
336,trelew,-43.249,-65.3051,55.13,61,100,13.6,AR,1649736139
337,boende,-0.2167,20.8667,68.45,95,64,0.96,CD,1649736398
338,kerrville,30.0474,-99.1403,70.92,84,0,5.75,US,1649736291
339,grand gaube,-20.0064,57.6608,79.38,80,54,7.0,MU,1649736398
340,vila velha,-20.3297,-40.2925,75.15,94,40,3.44,BR,1649736399
341,say,13.1007,2.3689,88.47,34,80,5.37,NE,1649736399
342,sioux lookout,50.1001,-91.917,26.69,93,56,5.82,CA,1649736400
343,kulpahar,25.3167,79.65,99.41,13,100,5.41,IN,1649736400
344,san quintin,30.4833,-115.95,59.65,80,8,15.32,MX,1649736401
345,saint-joseph,-21.3667,55.6167,74.21,80,63,16.78,RE,1649736401
346,nahavand,34.1885,48.377,59.0,24,0,4.03,IR,1649736402
347,split,43.5089,16.4392,42.91,75,0,5.75,HR,1649736402
348,tiksi,71.6872,128.8694,1.76,87,98,5.32,RU,1649736403
349,pictou,45.6834,-62.7153,35.44,92,6,10.04,CA,1649736279
350,katsuura,35.1333,140.3,67.39,75,0,13.04,JP,1649736403
351,tirumullaivasal,11.2333,79.8333,86.99,64,100,6.4,IN,1649736404
352,songjianghe,42.1859,127.479,40.1,76,100,6.71,CN,1649736404
353,yumen,40.2833,97.2,49.12,12,5,9.6,CN,1649736405
354,chongoyape,-6.6406,-79.3892,74.3,78,99,2.15,PE,1649736405
355,te anau,-45.4167,167.7167,54.95,58,41,5.77,NZ,1649736406
356,mandalgovi,45.7625,106.2708,32.18,38,100,11.36,MN,1649736406
357,colac,-38.3333,143.5833,57.16,40,28,6.6,AU,1649736407
358,pamekasan,-7.1568,113.4746,85.26,64,12,2.84,ID,1649736407
359,necochea,-38.5473,-58.7368,50.63,87,7,11.1,AR,1649736408
360,shreveport,32.5251,-93.7502,76.03,75,40,14.97,US,1649736301
361,dingzhou,38.5131,114.9956,65.55,36,100,11.86,CN,1649736409
362,jieshi,22.8134,115.8257,84.94,67,0,6.6,CN,1649736409
363,carutapera,-1.195,-46.02,75.25,95,100,6.78,BR,1649736410
364,valdivia,-39.8142,-73.2459,44.69,98,83,1.72,CL,1649736410
365,noumea,-22.2763,166.4572,82.38,72,21,8.5,NC,1649736222
366,henties bay,-22.116,14.2845,62.65,84,0,3.53,NA,1649736411
367,wangaratta,-36.3667,146.3333,73.47,38,75,5.75,AU,1649736411
368,ezhou,30.4,114.8333,80.42,52,100,11.16,CN,1649736412
369,burriana,39.889,-0.085,56.66,80,99,5.99,ES,1649736412
370,pongol,8.2786,124.7483,71.29,88,100,3.87,PH,1649736413
371,la asuncion,11.0333,-63.8628,77.41,85,60,15.88,VE,1649736413
372,isangel,-19.55,169.2667,83.48,73,7,11.61,VU,1649736414
373,tomohon,1.3346,124.8392,83.34,54,62,1.97,ID,1649736414
374,zaykovo,57.5613,62.7568,38.48,83,63,5.39,RU,1649736415
375,ferme-neuve,46.7001,-75.4493,37.18,91,100,3.22,CA,1649736415
376,am timan,11.0297,20.2827,84.47,44,50,6.64,TD,1649736416
377,bangkalan,-7.0455,112.7351,89.55,64,7,1.21,ID,1649736416
378,santa comba,43.0331,-8.8093,50.68,97,99,6.91,ES,1649736417
379,jiaozuo,35.2397,113.2331,61.2,80,100,4.23,CN,1649736417
380,kaputa,-8.4689,29.6619,66.88,91,99,2.77,ZM,1649736418
381,homer,59.6425,-151.5483,46.78,49,0,3.44,US,1649736418
382,maua,-23.6678,-46.4614,71.08,83,100,3.91,BR,1649736221
383,mehamn,71.0357,27.8492,33.75,93,100,26.46,NO,1649736419
384,inta,66.0317,60.1659,37.17,100,100,8.25,RU,1649736419
385,ambilobe,-13.2,49.05,73.15,86,21,3.42,MG,1649736420
386,shakawe,-18.3667,21.85,64.78,86,90,4.65,BW,1649736420
387,puri,19.8,85.85,86.52,77,27,19.15,IN,1649736203
388,komsomolskiy,40.4272,71.7189,75.92,33,100,13.8,UZ,1649736421
389,panzhihua,26.5851,101.7128,69.87,53,98,6.71,CN,1649736421
390,moree,-29.4667,149.85,86.02,30,0,9.22,AU,1649736422
391,posevnaya,54.3006,83.3297,31.8,83,4,7.05,RU,1649736422
392,laguna,38.421,-121.4238,52.61,44,0,13.8,US,1649736423
393,cairns,-16.9167,145.7667,89.06,94,100,11.5,AU,1649736423
394,meulaboh,4.1363,96.1285,84.04,68,23,3.47,ID,1649736424
395,mollendo,-17.0231,-72.0147,66.29,82,97,7.65,PE,1649736424
396,marsh harbour,26.5412,-77.0636,71.04,63,0,18.48,BS,1649736332
397,khudumelapye,-23.8833,24.75,59.67,94,10,8.39,BW,1649736425
398,champerico,14.3,-91.9167,83.52,66,23,6.8,GT,1649736425
399,yining,29.0361,114.5636,92.57,32,18,0.38,CN,1649736426
400,rawson,-43.3002,-65.1023,55.33,64,100,15.08,AR,1649736426
401,toguchin,55.2353,84.3858,32.11,84,14,5.08,RU,1649736427
402,upington,-28.4478,21.2561,63.28,60,0,5.14,ZA,1649736427
403,gamba,-2.65,10.0,76.71,92,100,4.99,GA,1649736428
404,winslow,35.0242,-110.6974,59.18,39,0,21.85,US,1649736428
405,fare,-16.7,-151.0167,81.97,72,4,12.86,PF,1649736429
406,kabare,-2.4683,28.8242,59.81,92,100,1.01,CD,1649736429
407,akyab,20.15,92.9,85.77,61,22,8.21,MM,1649736430
408,astrea,9.4983,-73.9759,81.5,68,99,2.55,CO,1649736431
409,juterbog,51.9833,13.0833,38.17,72,81,5.82,DE,1649736153
410,atikokan,48.7555,-91.6216,26.94,95,22,4.68,CA,1649736431
411,fortuna,40.5982,-124.1573,47.66,79,100,13.8,US,1649736432
412,tilichiki,60.4667,166.1,11.1,83,100,13.18,RU,1649736432
413,shimanovsk,52.0,127.7,32.81,71,100,8.03,RU,1649736433
414,codrington,-38.2667,141.9667,61.03,50,37,11.65,AU,1649736433
415,valleyview,55.0667,-117.2859,16.66,59,100,13.85,CA,1649736255
416,provideniya,64.3833,-173.3,28.51,86,100,20.13,RU,1649736434
417,nalut,30.3333,10.85,59.74,39,99,20.83,LY,1649736434
418,buenavista,8.9769,125.4089,84.9,65,77,7.58,PH,1649736435
419,topeka,39.0483,-95.678,55.89,63,0,8.05,US,1649736140
420,athabasca,54.7169,-113.2854,17.69,66,100,14.81,CA,1649736436
421,sangar,63.9242,127.4739,25.79,79,40,3.13,RU,1649736436
422,constitucion,-35.3333,-72.4167,53.64,70,100,10.63,CL,1649736437
423,ruteng,-8.6136,120.4721,77.07,49,9,0.76,ID,1649736437
424,el seibo,18.7641,-69.0375,70.77,89,9,5.86,DO,1649736438
425,marsa matruh,31.3525,27.2453,57.47,66,5,11.68,EG,1649736438
426,jhang,33.6748,72.6963,86.61,17,95,5.23,PK,1649736439
427,bahia blanca,-38.7196,-62.2724,52.16,61,7,7.02,AR,1649736439
428,shalakusha,62.2247,40.2539,31.23,97,100,1.79,RU,1649736439
429,hami,42.8,93.45,57.27,9,35,19.42,CN,1649736440
430,ixtapa,20.7,-105.2,74.43,83,40,2.3,MX,1649736296
431,black river,18.0264,-77.8487,76.26,81,5,5.97,JM,1649736441
432,tarpon springs,28.1461,-82.7568,69.82,85,0,1.99,US,1649736441
433,bentonville,36.3728,-94.2088,58.59,97,100,9.22,US,1649736295
434,ugoofaaru,5.6667,73.0,84.72,73,33,11.41,MV,1649736442
435,touros,-5.1989,-35.4608,78.19,80,100,6.76,BR,1649736442
436,ampanihy,-24.7,44.75,70.65,79,100,9.86,MG,1649736443
437,carhuaz,-9.2819,-77.6447,59.49,89,100,2.35,PE,1649736443
438,murfreesboro,35.8456,-86.3903,63.57,89,75,10.36,US,1649736206
439,veraval,20.9,70.3667,86.05,56,76,7.67,IN,1649736444
440,dhrangadhra,22.9833,71.4667,89.73,30,100,13.69,IN,1649736444
441,asyut,27.181,31.1837,58.35,58,0,14.63,EG,1649736445
442,tamandare,-8.7597,-35.1047,76.48,78,100,0.96,BR,1649736445
443,lock haven,41.137,-77.4469,50.9,98,100,2.26,US,1649736199
444,geraldton,-28.7667,114.6,72.01,53,0,16.11,AU,1649736446
445,pingxiang,27.6167,113.85,90.9,36,3,0.98,CN,1649736446
446,manta,-0.95,-80.7333,76.78,88,100,8.05,EC,1649736447
447,santa cruz,-17.8,-63.1667,73.2,94,97,10.78,BO,1649736447
448,sistranda,63.7256,8.834,37.36,77,100,17.11,NO,1649736448
449,guasdualito,7.2424,-70.7324,77.25,81,84,6.02,VE,1649736448
450,padang,-0.9492,100.3543,87.85,61,44,5.79,ID,1649736449
451,lethem,3.3803,-59.7968,78.31,75,73,12.93,GY,1649736449
452,tual,-5.6667,132.75,83.01,73,97,4.07,ID,1649736450
453,srednekolymsk,67.45,153.6833,17.49,69,15,6.89,RU,1649736450
454,marovoay,-16.1,46.6333,71.82,75,4,6.24,MG,1649736451
455,olafsvik,64.8945,-23.7142,33.57,79,73,22.7,IS,1649736452
456,kidal,18.4411,1.4078,81.48,5,4,10.45,ML,1649736452
457,tynda,55.1667,124.7167,31.41,48,99,10.27,RU,1649736453
458,roebourne,-20.7833,117.1333,92.25,20,0,5.32,AU,1649736453
459,khuzdar,27.7384,66.6434,79.45,19,0,5.59,PK,1649736454
460,bogale,16.2833,95.4,93.7,33,4,7.81,MM,1649736454
461,xining,36.6167,101.7667,54.25,23,31,7.67,CN,1649736455
462,rossland,49.0831,-117.8022,23.7,66,100,1.81,CA,1649736455
463,marienburg,54.0359,19.0266,33.89,90,6,6.24,PL,1649736456
464,bloemfontein,-29.1211,26.214,49.93,89,37,5.7,ZA,1649736415
465,namibe,-15.1961,12.1522,75.81,76,91,8.39,AO,1649736457
466,salima,-13.7804,34.4587,67.28,90,10,4.34,MW,1649736457
467,saravan,39.7196,45.6483,49.78,55,23,6.98,AM,1649736457
468,pedernales,18.0384,-71.744,78.78,69,35,5.75,DO,1649736458
469,fenelon falls,44.5334,-78.7496,50.81,96,100,10.38,CA,1649736458
470,safaga,26.7292,33.9365,70.86,47,1,17.83,EG,1649736459
471,rimbey,52.6334,-114.2353,20.62,58,65,13.04,CA,1649736459
472,praia da vitoria,38.7333,-27.0667,60.76,96,92,7.94,PT,1649736460
473,bengkulu,-3.8004,102.2655,84.72,64,69,5.37,ID,1649736460
474,miraflores,19.2167,-98.8083,69.03,64,58,4.7,MX,1649736461
475,acari,-15.4311,-74.6158,68.02,81,19,4.25,PE,1649736461
476,kidderminster,52.3882,-2.25,50.0,96,86,4.9,GB,1649736462
477,leh,34.1667,77.5833,40.15,50,100,0.11,IN,1649736462
478,wajima,37.4,136.9,61.9,72,19,10.47,JP,1649736463
479,port hedland,-20.3167,118.5667,98.65,18,1,4.61,AU,1649736463
480,lazaro cardenas,17.9583,-102.2,75.54,86,68,2.55,MX,1649736464
481,umm kaddadah,13.6017,26.6876,74.12,37,2,6.55,SD,1649736464
482,mitu,1.1983,-70.1733,70.21,99,98,0.89,CO,1649736464
483,kirakira,-10.4544,161.9205,84.49,70,61,5.91,SB,1649736465
484,yarke pole,45.608,34.3172,40.01,95,100,19.89,UA,1649736466
485,omaruru,-21.4333,15.9333,63.93,35,5,2.39,NA,1649736466
486,burnie,-41.0667,145.9167,63.61,50,81,2.28,AU,1649736467
487,trairi,-3.2778,-39.2689,76.01,90,96,3.53,BR,1649736372
488,rabo de peixe,37.8,-25.5833,60.31,94,75,14.97,PT,1649736468
489,zilupe,56.3862,28.1217,32.54,92,72,4.63,LV,1649736468
490,ayan,56.45,138.1667,26.29,90,100,15.12,RU,1649736468
491,ukiah,39.1502,-123.2078,45.37,72,0,12.66,US,1649736469
492,touho,-20.7833,165.2333,80.92,70,30,3.11,NC,1649736469
493,petropavlovsk-kamchatskiy,53.0452,158.6483,41.59,39,40,6.71,RU,1649736470
494,nogliki,51.8333,143.1667,29.73,97,100,16.62,RU,1649736470
495,ndele,8.4109,20.6473,75.72,68,63,5.14,CF,1649736471
496,kharovsk,59.9642,40.1912,33.75,98,100,4.21,RU,1649736471
497,ayagoz,47.9714,80.4392,50.83,28,97,19.69,KZ,1649736472
498,siteki,-26.45,31.95,57.81,95,0,2.57,SZ,1649736472
499,verkhnevilyuysk,63.4453,120.3167,27.19,75,97,3.91,RU,1649736473
500,ozernovskiy,51.5,156.5167,29.64,73,6,6.35,RU,1649736473
501,chute-aux-outardes,49.1168,-68.399,31.42,96,95,3.96,CA,1649736474
502,opuwo,-18.0607,13.84,66.63,76,100,1.48,NA,1649736474
503,havre,49.5833,0.3333,55.17,71,0,11.5,FR,1649736475
504,lewistown,40.5992,-77.5714,51.73,100,100,0.0,US,1649736475
505,san francisco,37.7749,-122.4194,50.31,67,20,21.85,US,1649736410
506,the valley,18.217,-63.0578,77.83,74,5,16.04,AI,1649736476
507,najran,17.4924,44.1277,74.46,29,0,5.32,SA,1649736476
508,yar-sale,66.8333,70.8333,34.88,100,100,11.05,RU,1649736476
509,vredendal,-31.6683,18.5012,72.25,38,0,6.2,ZA,1649736477
510,porto santo,33.072,-16.3415,61.18,77,20,16.11,PT,1649736477
511,walvis bay,-22.9575,14.5053,58.08,91,1,5.01,NA,1649736478
512,cosala,24.4125,-106.6908,68.43,68,94,1.05,MX,1649736478
513,seaforth,17.9358,-76.4573,77.85,89,20,8.77,JM,1649736479
514,wenling,28.3669,121.36,72.81,73,35,6.31,CN,1649736479
515,jacareacanga,-6.2222,-57.7528,72.61,99,92,0.87,BR,1649736480
516,smiltene,57.4244,25.9016,28.54,91,17,3.69,LV,1649736480
517,morales,2.757,-76.6172,61.09,97,100,1.66,CO,1649736481
518,robertsport,6.7533,-11.3686,79.14,90,84,4.94,LR,1649736481
519,kawalu,-7.3817,108.2082,86.4,56,5,4.36,ID,1649736482
520,diamantino,-14.4086,-56.4461,76.6,77,63,2.35,BR,1649736482
521,kampot,10.6167,104.1833,87.85,60,58,6.93,KH,1649736483
522,nisia floresta,-6.0911,-35.2086,74.21,84,100,3.6,BR,1649736483
523,vao,-22.6667,167.4833,76.84,76,8,13.8,NC,1649736484
524,campbell river,50.0163,-125.2446,42.46,63,53,6.2,CA,1649736265
525,tongliao,43.6125,122.2653,54.12,18,14,10.36,CN,1649736484
526,tambopata,-12.7333,-69.1833,72.32,98,100,2.33,PE,1649736485
527,huinan,42.6225,126.2614,48.88,38,100,11.39,CN,1649736485
528,sosua,19.7667,-70.5167,75.24,82,40,9.33,DO,1649736486
529,nedumangad,8.6,77.0,81.68,78,75,0.0,IN,1649736486
530,bathsheba,13.2167,-59.5167,79.41,73,75,16.11,BB,1649736487
531,fort nelson,58.8053,-122.7002,9.0,95,100,3.0,CA,1649736481
532,thinadhoo,0.5333,72.9333,84.18,68,31,11.21,MV,1649736488
533,bull savanna,17.8868,-77.5902,74.08,80,5,6.82,JM,1649736488
534,sibu,2.3,111.8167,88.79,59,62,4.41,MY,1649736488
535,tarauaca,-8.1614,-70.7656,72.7,98,62,2.42,BR,1649736489
536,la ronge,55.1001,-105.2842,16.99,84,96,13.2,CA,1649736489
537,diofior,14.1833,-16.6667,68.34,70,36,11.65,SN,1649736490
538,christchurch,-43.5333,172.6333,60.94,74,75,10.36,NZ,1649736263
539,magadan,59.5667,150.8,25.54,56,0,2.37,RU,1649736316
540,vernon,50.2581,-119.2691,32.65,73,98,1.48,CA,1649736312
541,siderno,38.2779,16.302,50.34,66,77,3.44,IT,1649736491
542,oistins,13.0667,-59.5333,78.89,73,75,16.11,BB,1649736491
543,porto torres,40.835,8.3972,46.58,60,90,9.44,IT,1649736492
544,lahaina,20.8783,-156.6825,77.0,91,42,10.33,US,1649736492
545,farafangana,-22.8167,47.8333,74.53,83,94,4.36,MG,1649736493
546,saint anthony,45.0205,-93.218,48.7,60,0,0.0,US,1649736494
547,vengerovo,55.6848,76.7471,37.53,69,3,7.52,RU,1649736494
548,iskateley,67.6803,53.1512,33.42,99,100,9.71,RU,1649736494
549,san juan,-31.5375,-68.5364,58.93,38,0,4.5,AR,1649736495
550,santo tomas,14.1079,121.1414,83.55,61,100,3.85,PH,1649736495
551,puerto ayacucho,5.6639,-67.6236,76.06,92,99,3.89,VE,1649736496
552,niquero,20.0431,-77.5828,74.73,79,18,22.55,CU,1649736496
553,ushtobe,45.2514,77.9838,62.37,33,100,9.91,KZ,1649736497
554,poum,-20.2333,164.0167,79.84,75,16,14.03,NC,1649736497
555,niquelandia,-14.4739,-48.4597,72.12,82,59,1.79,BR,1649736268
556,nouadhibou,20.931,-17.0347,63.18,89,98,23.2,MR,1649736498
557,tianpeng,30.9866,103.9393,75.61,47,100,11.23,CN,1649736499
558,fukue,32.6881,128.8419,68.27,82,56,0.96,JP,1649736499
559,paita,-5.0892,-81.1144,69.98,84,60,12.68,PE,1649736500
560,dickinson,29.4608,-95.0513,75.16,88,100,12.66,US,1649736208
561,westlock,54.1502,-113.8688,19.11,62,99,14.29,CA,1649736338
562,muswellbrook,-32.2667,150.9,70.65,64,88,7.02,AU,1649736485
563,ngorongoro,-3.2397,35.4875,52.68,90,100,5.91,TZ,1649736501
